,mean_absolute_error,median_absolute_error,mean_squared_error,max_error,r2_score,explained_variance_score
0,0.07856283441383671,0.03754756796235936,0.017365997565900092,0.990809,0.790383057260196,0.790719272365034
