worst_symptom,AU,CA,CH,DE,ES,FR,GB,IT,NL,US
"Because of the tinnitus I am more irritable with my family, friends and colleagues.",0.08450704225352113,0.0,0.02631578947368421,0.0648854961832061,0.0975609756097561,0.09375,0.029850746268656716,0.08974358974358974,0.05142857142857143,0.0595903165735568
Because of the tinnitus I am more sensitive to environmental noises.,0.07042253521126761,0.11570247933884298,0.12280701754385964,0.09541984732824428,0.04878048780487805,0.09375,0.04477611940298507,0.08974358974358974,0.06857142857142857,0.08007448789571694
Because of the tinnitus it is difficult to concentrate.,0.08450704225352113,0.11570247933884298,0.06140350877192982,0.12595419847328243,0.13414634146341464,0.03125,0.06965174129353234,0.14102564102564102,0.13714285714285715,0.15456238361266295
"Because of the tinnitus it is difficult to follow a conversation, a piece of music or a film.",0.1267605633802817,0.10743801652892562,0.11403508771929824,0.14045801526717558,0.036585365853658534,0.09375,0.14427860696517414,0.0641025641025641,0.09714285714285714,0.1601489757914339
Because of the tinnitus it is hard for me to get to sleep.,0.16901408450704225,0.09917355371900827,0.10526315789473684,0.10610687022900764,0.12195121951219512,0.140625,0.16417910447761194,0.11538461538461539,0.08571428571428572,0.1378026070763501
I am feeling depressed because of the tinnitus.,0.19718309859154928,0.08264462809917356,0.10526315789473684,0.07786259541984733,0.13414634146341464,0.1875,0.18407960199004975,0.1282051282051282,0.14285714285714285,0.09683426443202979
I don't have any of these symptoms.,0.09859154929577464,0.12396694214876033,0.20175438596491227,0.10458015267175573,0.07317073170731707,0.0625,0.04975124378109453,0.11538461538461539,0.06285714285714286,0.08193668528864059
I find it harder to relax because of the tinnitus.,0.14084507042253522,0.256198347107438,0.19298245614035087,0.17480916030534352,0.18292682926829268,0.171875,0.21890547263681592,0.1282051282051282,0.21714285714285714,0.14152700186219738
I have strong worries because of the tinnitus.,0.028169014084507043,0.09917355371900827,0.07017543859649122,0.1099236641221374,0.17073170731707318,0.125,0.0945273631840796,0.1282051282051282,0.13714285714285715,0.08752327746741155
